,area,x1,y1,x2,y2
0,VisP,1.743484201241742,-18.837843981920287,79.9602220646478,31.6075489304094
1,VisRL,6.577755928017744,-21.890042376123347,54.252166556147536,11.173767594042364
2,VisAL,17.58204846323077,-0.0747986191024097,47.27099455998058,14.635356731875724
3,VisL,2.6096997690531225,2.2951250502350717,39.88452655889145,28.79973771160749
4,VisLI,28.218886885952607,-3.7890817793609344,42.83062595223279,30.267983482485946
5,VisPL,35.94611992844855,11.05091139235219,83.92114527908487,32.762382886060934
6,VisPOR,27.194748370439346,-5.149639830060103,45.78300587805808,4.790547886861937
